Chromosome	Position	NEA	EA	SNPID	RSID	Original_RSID	P	BETA	SE	Z	AF	RA	NRA	Notes	found
1	8632	C	T	1:8632:C:T		rs146550602	0.5284	0.0148	0.0235	0.6297872340425532	0.02211	T	C	Not Found	False
1	8637	C	T	1:8637:C:T		rs181546036	0.5419	0.0144	0.0236	0.6101694915254238	0.02211	T	C	Not Found	False
1	816376	T	C	1:816376:T:C	rs28527770	rs28527770	0.5689	-0.0053	0.0094	-0.5638297872340425	0.8741	T	C	Flip	True
1	816927	AT	A	1:816927:AT:A	rs201062411	rs201062411	0.01366	-0.045	0.0182	-2.472527472527472	0.04252	AT	A	Found	True
1	817098	G	A	1:817098:G:A	rs146277091	rs146277091	0.01687	-0.0431	0.0181	-2.3812154696132595	0.04252	G	A	Found	True
1	817186	G	A	1:817186:G:A	rs3094315	rs3094315	0.0913	0.0147	0.0087	1.6896551724137931	0.1667	A	G	Found	True
1	817237	C	A	1:817237:C:A	rs149886465	rs149886465	0.01948	-0.0425	0.0182	-2.3351648351648353	0.04252	C	A	Found	True
1	817341	A	G	1:817341:A:G	rs3131972	rs3131972	0.1619	0.0117	0.0084	1.392857142857143	0.8316	G	A	Flip	True
1	817514	T	C	1:817514:T:C	rs3131971	rs3131971	0.05094	0.0171	0.0087	1.9655172413793105	0.835	C	T	Flip	True
1	818094	C	G	1:818094:C:G	rs2073814	rs2073814	0.1595	0.0118	0.0084	1.4047619047619049	0.8316	G	C	Flip	True
1	818161	G	A	1:818161:G:A	rs2073813	rs2073813	0.8211	-0.002	0.009	-0.22222222222222224	0.131	G	A	Found	True
1	818683	G	T	1:818683:G:T	rs12184312	rs12184312	0.02589	-0.0399	0.0179	-2.2290502793296088	0.03741	G	T	Found	True
1	818725	C	T	1:818725:C:T	rs12184325	rs12184325	0.07867	-0.0292	0.0166	-1.7590361445783131	0.04082	C	T	Found	True
1	818802	A	G	1:818802:A:G	rs3131969	rs3131969	0.7852	0.0024	0.0089	0.2696629213483146	0.8656	G	A	Flip	True
1	818812	A	G	1:818812:A:G	rs3131968	rs3131968	0.8167	0.0021	0.0089	0.23595505617977527	0.8656	G	A	Flip	True
1	818831	G	A	1:818831:G:A	rs12184313	rs12184313	0.02902	-0.0422	0.0193	-2.186528497409326	0.04422	G	A	Found	True
1	818954	T	C	1:818954:T:C	rs3131967	rs3131967	0.7234	0.0032	0.009	0.3555555555555556	0.8656	C	T	Flip	True
1	819123	G	A	1:819123:G:A	rs3115859	rs3115859	0.19	0.0111	0.0085	1.3058823529411765	0.1684	A	G	Found	True
1	819249	A	G	1:819249:A:G	rs10454459	rs10454459	0.0272	-0.0413	0.0187	-2.2085561497326203	0.95408	A	G	Flip	True
1	819584	C	T	1:819584:C:T	rs3131966	rs3131966	0.1717	0.0118	0.0086	1.372093023255814	0.1701	T	C	Found	True
1	820510	A	T	1:820510:A:T	rs3115858	rs3115858	0.5235	0.0059	0.0093	0.6344086021505376	0.8673	T	A	Flip	True
1	821224	A	G	1:821224:A:G	rs3131962	rs3131962	0.421	0.0074	0.0092	0.8043478260869565	0.8622	G	A	Flip	True
1	822260	G	A	1:822260:G:A	rs3115853	rs3115853	0.7982	0.0023	0.0089	0.25842696629213485	0.1361	A	G	Found	True
1	822354	C	T	1:822354:C:T	rs4951929	rs4951929	0.5922	0.0049	0.0092	0.532608695652174	0.1327	T	C	Found	True
1	822556	C	A	1:822556:C:A	rs4951862	rs4951862	0.5622	0.0054	0.0092	0.5869565217391305	0.1344	A	C	Found	True
1	822764	A	G	1:822764:A:G	rs3131956	rs3131956	0.314	0.0092	0.0091	1.010989010989011	0.8537	G	A	Flip	True
1	823246	C	T	1:823246:C:T	rs3131954	rs3131954	0.5965	0.0049	0.0093	0.5268817204301075	0.1327	T	C	Found	True
1	823656	G	A	1:823656:G:A	rs114525117	rs114525117	0.1199	-0.039	0.0251	-1.5537848605577689	0.04252	G	A	Found	True
1	824457	T	A	1:824457:T:A	rs3115851	rs3115851	0.5475	0.0056	0.0093	0.6021505376344086	0.1327	A	T	Found	True
1	824590	A	G	1:824590:A:G	rs145098582	rs145098582	0.2339	-0.0302	0.0254	-1.188976377952756	0.95578	A	G	Flip	True
1	825431	CTCTT	C	1:825431:CTCTT:C	rs200712425	rs200712425	0.2758	-0.0301	0.0276	-1.0905797101449275	0.95748	CTCTT	C	Flip	True
1	825532	C	T	1:825532:C:T	rs1048488	rs1048488	0.1702	0.0124	0.009	1.3777777777777778	0.1667	T	C	Found	True
1	825618	C	A	1:825618:C:A	rs148828841	rs148828841	0.505	-0.0193	0.0289	-0.6678200692041523	0.04422	C	A	Found	True
1	825767	T	C	1:825767:T:C	rs3115850	rs3115850	0.1711	0.0124	0.009	1.3777777777777778	0.8316	C	T	Flip	True
1	841166	A	G	1:841166:A:G	rs12124819	rs12124819	0.4257	0.0073	0.0091	0.8021978021978021	0.7721	G	A	Flip	True
1	861387	G	A	1:861387:G:A	rs12076540	rs12076540	0.1193	0.0122	0.0078	1.5641025641025643	0.284	A	G	Found	True
1	862060	T	C	1:862060:T:C	rs58013264	rs58013264	0.3751	-0.0089	0.01	-0.89	0.8673	T	C	Flip	True
1	863020	A	G	1:863020:A:G	rs10900604	rs10900604	0.5631	-0.0044	0.0077	-0.5714285714285714	0.7925	A	G	Flip	True
1	863579	G	A	1:863579:G:A	rs11240777	rs11240777	0.4236	-0.0061	0.0076	-0.8026315789473685	0.2075	G	A	Found	True
1	866087	G	C	1:866087:G:C	rs61768212	rs61768212	0.325	-0.0096	0.0098	-0.9795918367346939	0.1378	G	C	Found	True
1	866646	G	A	1:866646:G:A	rs7553096	rs7553096	0.7661	-0.0024	0.0079	-0.30379746835443033	0.2177	G	A	Found	True
1	867116	C	T	1:867116:C:T	rs10157494	rs10157494	0.2149	-0.0123	0.0099	-1.2424242424242424	0.1378	C	T	Found	True
1	895411	C	T	1:895411:C:T	rs184031231	rs184031231	0.9506	-0.0026	0.042	-0.0619047619047619	0.0119	C	T	Found	True
1	896938	C	A	1:896938:C:A	rs4500250	rs4500250	0.507	0.0048	0.0073	0.6575342465753424	0.3197	A	C	Found	True
1	897018	T	C	1:897018:T:C	rs4553118	rs4553118	0.6475	0.0034	0.0074	0.45945945945945943	0.7092	C	T	Flip	True
1	897538	T	C	1:897538:T:C	rs28765502	rs28765502	0.5061	-0.0048	0.0073	-0.6575342465753424	0.6803	T	C	Flip	True
1	897843	C	T	1:897843:C:T	rs13303211	rs13303211	0.8141	-0.0018	0.0077	-0.23376623376623376	0.2517	C	T	Found	True
1	897922	C	T	1:897922:C:T	rs28752186	rs28752186	0.8496	-0.0015	0.0077	-0.19480519480519481	0.2517	C	T	Found	True
1	898261	T	C	1:898261:T:C	rs28594623	rs28594623	0.7424	-0.0026	0.0078	-0.3333333333333333	0.7483	T	C	Flip	True
