Chromosome	Position	SNPID	GENEID	GENENAME	P	P_nominal	FDR	BETA	SE	Z	AF
17	39905964	17:39905964:C:T	ENSG00000172057	ORMDL3	3.20737783842745e-23	1.78187657690414e-24	6.0773530473159205e-21	-1.14023920834041	0.0868521035404797	-13.1285157395062	0.495833
17	39907128	17:39907128:C:T	ENSG00000172057	ORMDL3	3.20737783842745e-23	1.78187657690414e-24	6.0773530473159205e-21	-1.14023920834041	0.0868521035404797	-13.1285157395062	0.495833
17	39907485	17:39907485:C:T	ENSG00000172057	ORMDL3	3.20737783842745e-23	1.78187657690414e-24	6.0773530473159205e-21	-1.14023920834041	0.0868521035404797	-13.1285157395062	0.495833
17	39907676	17:39907676:T:C	ENSG00000172057	ORMDL3	3.20737783842745e-23	1.78187657690414e-24	6.0773530473159205e-21	-1.14023920834041	0.0868521035404797	-13.1285157395062	0.495833
17	39907727	17:39907727:CA:C	ENSG00000172057	ORMDL3	3.20737783842745e-23	1.78187657690414e-24	6.0773530473159205e-21	-1.14023920834041	0.0868521035404797	-13.1285157395062	0.495833
17	39896954	17:39896954:C:G	ENSG00000172057	ORMDL3	4.05557370662022e-23	2.2530965036779e-24	7.61613534457422e-21	-1.14105010110114	0.0872118930408709	-13.0836524849472	0.5
17	39909987	17:39909987:T:C	ENSG00000172057	ORMDL3	4.9122040074025305e-23	2.72900222633474e-24	8.82431445401604e-21	-1.10508565542954	0.0847001239863471	-13.0470370457506	0.5
17	39910119	17:39910119:T:C	ENSG00000172057	ORMDL3	4.9122040074025305e-23	2.72900222633474e-24	8.82431445401604e-21	-1.10508565542954	0.0847001239863471	-13.0470370457506	0.5
17	39849342	17:39849342:T:C	ENSG00000172057	ORMDL3	1.97717658016005e-22	1.0984314334222501e-23	3.36041174840762e-20	-1.10941302241634	0.0867976324853564	-12.781604643462	0.508333
17	39910014	17:39910014:G:T	ENSG00000172057	ORMDL3	2.0170429789660398e-22	1.12057943275891e-23	3.4258694876040403e-20	-1.10877085961166	0.0867731698645632	-12.7778074875246	0.495833
17	39870108	17:39870108:C:G	ENSG00000172057	ORMDL3	2.3933535140738498e-22	1.32964084115214e-23	4.05143208574162e-20	-1.16197565921502	0.0911691097600048	-12.7452781131002	0.5
17	39908152	17:39908152:C:T	ENSG00000172057	ORMDL3	2.50091457276523e-22	1.38939698486957e-23	4.22785757859748e-20	-1.14186496362936	0.0896499992967968	-12.7369210550586	0.458333
17	39908216	17:39908216:T:C	ENSG00000172057	ORMDL3	2.50091457276523e-22	1.38939698486957e-23	4.22785757859748e-20	-1.14186496362936	0.0896499992967968	-12.7369210550586	0.458333
17	39908623	17:39908623:G:A	ENSG00000172057	ORMDL3	2.50091457276523e-22	1.38939698486957e-23	4.22785757859748e-20	-1.14186496362936	0.0896499992967968	-12.7369210550586	0.458333
17	39911280	17:39911280:A:G	ENSG00000172057	ORMDL3	3.38396550012232e-22	1.8799808334012904e-23	5.7016460228267e-20	-1.11629194739446	0.0880393640156073	-12.6794640088105	0.491667
17	39864166	17:39864166:T:C	ENSG00000172057	ORMDL3	3.79481289625195e-22	2.10822938680664e-23	6.387508351530071e-20	-1.11508819685087	0.0880956116713555	-12.6577042340174	0.504167
17	39905186	17:39905186:T:C	ENSG00000172057	ORMDL3	3.90279849770336e-22	2.16822138761298e-23	6.55619879396921e-20	-1.14671413531452	0.0906323084979741	-12.6523769979902	0.4625
17	39905943	17:39905943:G:A	ENSG00000172057	ORMDL3	3.90279849770336e-22	2.16822138761298e-23	6.55619879396921e-20	-1.14671413531452	0.0906323084979741	-12.6523769979902	0.4625
17	39899863	17:39899863:T:C	ENSG00000172057	ORMDL3	4.588388512345579e-22	2.5491047290808802e-23	7.69768919129753e-20	-1.14847839346643	0.0909926650628375	-12.6216590389271	0.466667
17	39906689	17:39906689:A:AC	ENSG00000172057	ORMDL3	4.97494007816296e-22	2.76385559897942e-23	8.33238576350772e-20	-1.15696632541414	0.0917767525225121	-12.606311441782	0.458333
17	39906691	17:39906691:A:C	ENSG00000172057	ORMDL3	4.97494007816296e-22	2.76385559897942e-23	8.33238576350772e-20	-1.15696632541414	0.0917767525225121	-12.606311441782	0.458333
17	39906723	17:39906723:G:A	ENSG00000172057	ORMDL3	4.97494007816296e-22	2.76385559897942e-23	8.33238576350772e-20	-1.15696632541414	0.0917767525225121	-12.606311441782	0.458333
17	39872867	17:39872867:C:G	ENSG00000172057	ORMDL3	5.49814724300057e-22	3.05452624611143e-23	9.190455545016652e-20	-1.1219129754288	0.0891302542821297	-12.5873418006588	0.508333
17	39748854	17:39748854:C:T	ENSG00000172057	ORMDL3	6.03714745353314e-22	3.3539708075184104e-23	1.00549210312534e-19	1.11087466989302	0.08837784639235	12.5696055656452	0.5
17	39803764	17:39803764:C:T	ENSG00000172057	ORMDL3	6.61984341115986e-22	3.6776907839776996e-23	1.1021781768688e-19	1.1138693590408	0.0887394309258732	12.552135475956	0.495833
17	39820216	17:39820216:C:T	ENSG00000172057	ORMDL3	6.960925965386769e-22	3.86718109188154e-23	1.15820561893212e-19	-1.1127251349276	0.0887155867732577	-12.5426114553189	0.504167
17	39926554	17:39926554:T:C	ENSG00000172057	ORMDL3	8.26947433696037e-22	4.594152409422432e-23	1.29110142105541e-19	1.06619730421546	0.0852278305292722	12.509966493272	0.508333
17	39765489	17:39765489:C:T	ENSG00000172057	ORMDL3	1.25821108123406e-21	6.99006156241144e-23	1.9565864793870304e-19	1.11921452006909	0.0900378509756482	12.4304890436778	0.5
17	39874911	17:39874911:T:C	ENSG00000172057	ORMDL3	1.4049077927891005e-21	7.80504329327275e-23	2.1780206242758302e-19	-1.11701916476615	0.0900123588873572	-12.4096199519002	0.508333
17	39887090	17:39887090:G:A	ENSG00000172057	ORMDL3	1.4049077927891005e-21	7.80504329327275e-23	2.1780206242758302e-19	-1.11701916476615	0.0900123588873572	-12.4096199519002	0.508333
17	39889472	17:39889472:C:T	ENSG00000172057	ORMDL3	1.4049077927891005e-21	7.80504329327275e-23	2.1780206242758302e-19	-1.11701916476615	0.0900123588873572	-12.4096199519002	0.508333
17	39891991	17:39891991:T:C	ENSG00000172057	ORMDL3	1.4049077927891005e-21	7.80504329327275e-23	2.1780206242758302e-19	-1.11701916476615	0.0900123588873572	-12.4096199519002	0.508333
17	39892849	17:39892849:T:C	ENSG00000172057	ORMDL3	1.4049077927891005e-21	7.80504329327275e-23	2.1780206242758302e-19	-1.11701916476615	0.0900123588873572	-12.4096199519002	0.508333
17	39892980	17:39892980:T:C	ENSG00000172057	ORMDL3	1.4049077927891005e-21	7.80504329327275e-23	2.1780206242758302e-19	-1.11701916476615	0.0900123588873572	-12.4096199519002	0.508333
17	39863805	17:39863805:A:AC	ENSG00000172057	ORMDL3	1.59684626323058e-21	8.871368129058791e-23	2.4702888160914203e-19	-1.11531308316337	0.0900506752767722	-12.3853938877797	0.4916669999999999
17	39918763	17:39918763:T:C	ENSG00000172057	ORMDL3	1.5981160458376701e-21	8.878422476875931e-23	2.47149825760178e-19	1.06834643685171	0.0862596228633342	12.3852435402407	0.479167
17	39754115	17:39754115:C:T	ENSG00000172057	ORMDL3	1.7180582660098302e-21	9.544768144499081e-23	2.65051524511109e-19	1.1148201255093	0.0901115512113944	12.3715562602404	0.504167
17	39874777	17:39874777:G:A	ENSG00000172057	ORMDL3	1.98747357355289e-21	1.10415198530716e-22	3.06149006767712e-19	-1.12316047711192	0.0909882765710753	-12.3440130909015	0.5
17	39882136	17:39882136:A:T	ENSG00000172057	ORMDL3	1.98747357355289e-21	1.10415198530716e-22	3.06149006767712e-19	-1.12316047711192	0.0909882765710753	-12.3440130909015	0.5
17	39806734	17:39806734:T:A	ENSG00000172057	ORMDL3	2.47101101921178e-21	1.3727838995621e-22	3.79593734867021e-19	-1.12792259413186	0.0916797298000191	-12.3028568756932	0.479167
17	39813896	17:39813896:A:G	ENSG00000172057	ORMDL3	2.47101101921178e-21	1.3727838995621e-22	3.79593734867021e-19	-1.12792259413186	0.0916797298000191	-12.3028568756932	0.479167
17	39883308	17:39883308:TAACA:T	ENSG00000172057	ORMDL3	2.59272943255742e-21	1.44040524030968e-22	3.98050508594328e-19	-1.12323954943126	0.09136654971826	-12.2937722054177	0.504167
17	39895095	17:39895095:A:G	ENSG00000172057	ORMDL3	2.59272943255742e-21	1.44040524030968e-22	3.98050508594328e-19	-1.12323954943126	0.09136654971826	-12.2937722054177	0.504167
17	39917778	17:39917778:T:C	ENSG00000172057	ORMDL3	2.7845952912888706e-21	1.54699738404937e-22	4.2698912256327403e-19	1.09993260654252	0.0895689740586628	12.280285870218	0.508333
17	39872381	17:39872381:G:T	ENSG00000172057	ORMDL3	2.8012697745717802e-21	1.55626098587321e-22	4.2902642382013303e-19	-1.11863408247999	0.0911002259864093	-12.2791581510113	0.5125
17	39917793	17:39917793:G:A	ENSG00000172057	ORMDL3	3.1073447702176e-21	1.72630265012089e-22	4.75184663180971e-19	1.0677166296765	0.0870924762797824	12.2595736771393	0.483333
17	39760137	17:39760137:A:AT	ENSG00000172057	ORMDL3	3.28295259768155e-21	1.82386255426753e-22	5.01736168311742e-19	1.10814168174399	0.0904665060891551	12.2491928742325	0.504167
17	39910767	17:39910767:C:T	ENSG00000172057	ORMDL3	3.60265005258788e-21	2.0014722514377096e-22	5.499320077535973e-19	-1.12246539633923	0.0917673015380159	-12.2316487193887	0.458333
17	39869916	17:39869916:C:T	ENSG00000172057	ORMDL3	5.11033973789776e-21	2.83907763216542e-22	7.73316651482963e-19	-1.12864376358104	0.0927727614303484	-12.1656803805328	0.495833
